Workbook

Sheet Материал
A1: Прайс на материал: натяжные потолки
A2: РемКомСтрой, Мурманск. Цены собраны из калькулятора на сайте. Заполните столбец «Ваша цена», итоги на листе «Расчёт» пересчитаются сами.
A4: ВАЖНО | B4: На вашем сайте цена «от 190 ₽/м²» стоит со звёздочкой, а внизу страницы написано «цена для дилеров». Значит, это не розничная цена, и расчёт сейчас занижен.
A6: Как заполнять | B6: Жёлтые ячейки — для вас. Впишите цену цифрами, без пробелов и знака рубля.
A7: Пример | B7: Матовое | C7: 190 | D7: 350 | E7: так выглядит заполненная строка
A9: Фактура полотна | B9: Цена в калькуляторе | C9: Ваша цена | D9: В расчёте | E9: Откуда взята текущая цена
A10: Матовое | B10: 190 | D10: =IF(C10="",B10,C10) -> 190 | E10: с сайта компании, помечена как «цена для дилеров»
A11: Глянцевое | B11: 190 | D11: =IF(C11="",B11,C11) -> 190 | E11: с сайта компании, помечена как «цена для дилеров»
A12: Сатиновое | B12: 260 | D12: =IF(C12="",B12,C12) -> 260 | E12: оценка, требует подтверждения
A13: Тканевое бесшовное | B13: 690 | D13: =IF(C13="",B13,C13) -> 690 | E13: оценка, требует подтверждения
A14: С фотопечатью | B14: 1200 | D14: =IF(C14="",B14,C14) -> 1200 | E14: оценка, требует подтверждения
A15: Звёздное небо | B15: 1500 | D15: =IF(C15="",B15,C15) -> 1500 | E15: оценка, требует подтверждения
A17: Цена включает полотно, профиль и монтаж.
A18: Столбец «В расчёте» подставляет вашу цену, а пока она пустая — текущую.

Sheet Расчёт
A1: Дополнительные работы и итоговая стоимость
A2: Жёлтые ячейки — для заполнения. Всё остальное считается формулами.
A4: 1. Дополнительные работы
A5: Позиция | B5: Сейчас | C5: Ваша цена | D5: В расчёте
A6: Угол свыше 4-го, за штуку | B6: 250 | D6: =IF(C6="",B6,C6) -> 250
A7: Врезка и подключение светильника | B7: 550 | D7: =IF(C7="",B7,C7) -> 550
A8: Обвод трубы | B8: 400 | D8: =IF(C8="",B8,C8) -> 400
A9: Минимальная сумма заказа | B9: 4500 | D9: =IF(C9="",B9,C9) -> 4500
A10: Углов включено в базовую цену | B10: 4 | D10: =B10 -> 4
A11: Акция: каждый N-й м² в подарок | B11: 10 | D11: =B11 -> 10
A13: 2. Из чего состоят типовые комнаты
A14: Комната | B14: Площадь, м² | C14: Углов | D14: Светильников | E14: Труб
A15: Маленькая комната | B15: 12 | C15: 4 | D15: 3 | E15: 0
A16: Стандартная комната | B16: 18 | C16: 4 | D16: 4 | E16: 0
A17: Большая комната | B17: 25 | C17: 4 | D17: 6 | E17: 1
A18: Типовое решение с сайта | B18: 33 | C18: 4 | D18: 6 | E18: 0
A20: 3. Сколько получается всего
A21: Фактура | B21: Маленькая комната 12 м² | C21: Стандартная комната 18 м² | D21: Большая комната 25 м² | E21: Типовое решение с сайта 33 м²
A22: =Материал!A10 -> Матовое | B22: =MAX($B$15*Материал!$D$10+MAX(0,$C$15-$D$10)*$D$6+$D$15*$D$7+$E$15*$D$8-INT($B$15/$D$11)*Материал!$D$10,$D$9) -> 4500 | C22: =MAX($B$16*Материал!$D$10+MAX(0,$C$16-$D$10)*$D$6+$D$16*$D$7+$E$16*$D$8-INT($B$16/$D$11)*Материал!$D$10,$D$9) -> 5430 | D22: =MAX($B$17*Материал!$D$10+MAX(0,$C$17-$D$10)*$D$6+$D$17*$D$7+$E$17*$D$8-INT($B$17/$D$11)*Материал!$D$10,$D$9) -> 8070 | E22: =MAX($B$18*Материал!$D$10+MAX(0,$C$18-$D$10)*$D$6+$D$18*$D$7+$E$18*$D$8-INT($B$18/$D$11)*Материал!$D$10,$D$9) -> 9000
A23: =Материал!A11 -> Глянцевое | B23: =MAX($B$15*Материал!$D$11+MAX(0,$C$15-$D$10)*$D$6+$D$15*$D$7+$E$15*$D$8-INT($B$15/$D$11)*Материал!$D$11,$D$9) -> 4500 | C23: =MAX($B$16*Материал!$D$11+MAX(0,$C$16-$D$10)*$D$6+$D$16*$D$7+$E$16*$D$8-INT($B$16/$D$11)*Материал!$D$11,$D$9) -> 5430 | D23: =MAX($B$17*Материал!$D$11+MAX(0,$C$17-$D$10)*$D$6+$D$17*$D$7+$E$17*$D$8-INT($B$17/$D$11)*Материал!$D$11,$D$9) -> 8070 | E23: =MAX($B$18*Материал!$D$11+MAX(0,$C$18-$D$10)*$D$6+$D$18*$D$7+$E$18*$D$8-INT($B$18/$D$11)*Материал!$D$11,$D$9) -> 9000
A24: =Материал!A12 -> Сатиновое | B24: =MAX($B$15*Материал!$D$12+MAX(0,$C$15-$D$10)*$D$6+$D$15*$D$7+$E$15*$D$8-INT($B$15/$D$11)*Материал!$D$12,$D$9) -> 4510 | C24: =MAX($B$16*Материал!$D$12+MAX(0,$C$16-$D$10)*$D$6+$D$16*$D$7+$E$16*$D$8-INT($B$16/$D$11)*Материал!$D$12,$D$9) -> 6620 | D24: =MAX($B$17*Материал!$D$12+MAX(0,$C$17-$D$10)*$D$6+$D$17*$D$7+$E$17*$D$8-INT($B$17/$D$11)*Материал!$D$12,$D$9) -> 9680 | E24: =MAX($B$18*Материал!$D$12+MAX(0,$C$18-$D$10)*$D$6+$D$18*$D$7+$E$18*$D$8-INT($B$18/$D$11)*Материал!$D$12,$D$9) -> 11100
A25: =Материал!A13 -> Тканевое бесшовное | B25: =MAX($B$15*Материал!$D$13+MAX(0,$C$15-$D$10)*$D$6+$D$15*$D$7+$E$15*$D$8-INT($B$15/$D$11)*Материал!$D$13,$D$9) -> 9240 | C25: =MAX($B$16*Материал!$D$13+MAX(0,$C$16-$D$10)*$D$6+$D$16*$D$7+$E$16*$D$8-INT($B$16/$D$11)*Материал!$D$13,$D$9) -> 13930 | D25: =MAX($B$17*Материал!$D$13+MAX(0,$C$17-$D$10)*$D$6+$D$17*$D$7+$E$17*$D$8-INT($B$17/$D$11)*Материал!$D$13,$D$9) -> 19570 | E25: =MAX($B$18*Материал!$D$13+MAX(0,$C$18-$D$10)*$D$6+$D$18*$D$7+$E$18*$D$8-INT($B$18/$D$11)*Материал!$D$13,$D$9) -> 24000
A26: =Материал!A14 -> С фотопечатью | B26: =MAX($B$15*Материал!$D$14+MAX(0,$C$15-$D$10)*$D$6+$D$15*$D$7+$E$15*$D$8-INT($B$15/$D$11)*Материал!$D$14,$D$9) -> 14850 | C26: =MAX($B$16*Материал!$D$14+MAX(0,$C$16-$D$10)*$D$6+$D$16*$D$7+$E$16*$D$8-INT($B$16/$D$11)*Материал!$D$14,$D$9) -> 22600 | D26: =MAX($B$17*Материал!$D$14+MAX(0,$C$17-$D$10)*$D$6+$D$17*$D$7+$E$17*$D$8-INT($B$17/$D$11)*Материал!$D$14,$D$9) -> 31300 | E26: =MAX($B$18*Материал!$D$14+MAX(0,$C$18-$D$10)*$D$6+$D$18*$D$7+$E$18*$D$8-INT($B$18/$D$11)*Материал!$D$14,$D$9) -> 39300
A27: =Материал!A15 -> Звёздное небо | B27: =MAX($B$15*Материал!$D$15+MAX(0,$C$15-$D$10)*$D$6+$D$15*$D$7+$E$15*$D$8-INT($B$15/$D$11)*Материал!$D$15,$D$9) -> 18150 | C27: =MAX($B$16*Материал!$D$15+MAX(0,$C$16-$D$10)*$D$6+$D$16*$D$7+$E$16*$D$8-INT($B$16/$D$11)*Материал!$D$15,$D$9) -> 27700 | D27: =MAX($B$17*Материал!$D$15+MAX(0,$C$17-$D$10)*$D$6+$D$17*$D$7+$E$17*$D$8-INT($B$17/$D$11)*Материал!$D$15,$D$9) -> 38200 | E27: =MAX($B$18*Материал!$D$15+MAX(0,$C$18-$D$10)*$D$6+$D$18*$D$7+$E$18*$D$8-INT($B$18/$D$11)*Материал!$D$15,$D$9) -> 48300
A29: Как считается итог
A30: площадь × цена за м² по фактуре
A31: '+ углы свыше 4-го × цена за угол
A32: '+ светильники × врезка
A33: '+ трубы × обвод
A34: − каждый 10-й м² в подарок (действующая акция)
A35: Итого: не меньше минимальной суммы заказа
A37: Если формула у вас другая, например есть цена за погонный метр профиля или углы считаются иначе, напишите как правильно.
A39: Источник текущих цен: assets/js/prices.js в проекте сайта. После согласования цены проставляются там, и калькулятор считает по ним.
A41: Обозначения
A42: жёлтая ячейка, синий шрифт | B42: заполняете вы
A43: чёрный шрифт | B43: считается формулой
A44: зелёный шрифт | B44: ссылка на лист «Материал»
